{"stats":{"minecraft:picked_up":{"minecraft:oak_log":3},"minecraft:mined":{"minecraft:grass":12,"minecraft:oak_log":3,"minecraft:oak_leaves":3},"minecraft:crafted":{"minecraft:crafting_table":1,"minecraft:oak_planks":12,"minecraft:stick":4},"minecraft:custom":{"minecraft:jump":50,"minecraft:time_since_rest":7454,"minecraft:damage_dealt":10,"minecraft:walk_on_water_one_cm":424,"minecraft:play_time":7454,"minecraft:leave_game":1,"minecraft:sprint_one_cm":7744,"minecraft:time_since_death":7454,"minecraft:walk_one_cm":1091,"minecraft:walk_under_water_one_cm":515,"minecraft:total_world_time":7454,"minecraft:swim_one_cm":1420,"minecraft:fall_one_cm":1521,"minecraft:fly_one_cm":13242}},"DataVersion":2975}