{"stats":{"minecraft:picked_up":{"minecraft:oak_log":3},"minecraft:mined":{"minecraft:grass":12,"minecraft:oak_log":3,"minecraft:oak_leaves":3},"minecraft:crafted":{"minecraft:crafting_table":1,"minecraft:oak_planks":12,"minecraft:stick":4},"minecraft:custom":{"minecraft:jump":53,"minecraft:time_since_rest":15997,"minecraft:damage_dealt":10,"minecraft:walk_on_water_one_cm":724,"minecraft:play_time":15997,"minecraft:leave_game":2,"minecraft:sprint_one_cm":7953,"minecraft:time_since_death":15997,"minecraft:walk_one_cm":1116,"minecraft:walk_under_water_one_cm":684,"minecraft:total_world_time":15997,"minecraft:swim_one_cm":2295,"minecraft:fall_one_cm":1521,"minecraft:fly_one_cm":16186}},"DataVersion":2975}